{"cameraMode":{"drawMode":0,"name":"Shaded","section":"Shading Mode"},"sceneLighting":true,"audioPlay":false,"sceneViewState":{"m_AlwaysRefresh":false,"showFog":true,"showSkybox":true,"showFlares":true,"showImageEffects":true,"showParticleSystems":true,"showVisualEffectGraphs":true,"m_FxEnabled":true},"in2DMode":false,"pivot":{"x":0.44996482133865359,"y":0.03531414270401001,"z":0.6218830347061157},"rotation":{"x":0.2706119418144226,"y":-0.29971009492874148,"z":0.08907773345708847,"w":0.9104991555213928},"size":0.9745913147926331,"orthographic":false}