{"cameraMode":{"drawMode":0,"name":"Shaded","section":"Shading Mode"},"sceneLighting":true,"audioPlay":false,"sceneViewState":{"m_AlwaysRefresh":false,"showFog":true,"showSkybox":true,"showFlares":true,"showImageEffects":true,"showParticleSystems":true,"showVisualEffectGraphs":true,"m_FxEnabled":true},"in2DMode":false,"pivot":{"x":1.6298713684082032,"y":1.1788016557693482,"z":0.0009679794311523438},"rotation":{"x":-0.014101075939834118,"y":-0.010498816147446633,"z":-0.0001480718347011134,"w":0.9998459219932556},"size":4.800017356872559,"orthographic":false}